{
  "Argo_1x": {
    "total_runs": 108,
    "successful": 103,
    "mean": 743.0194174757281,
    "median": 692,
    "stdev": 119.40144681543069,
    "clean_mean": 691.8809523809524,
    "clean_median": 691.0,
    "outlier_count": 19
  },
  "NativeK8s_1x": {
    "total_runs": 110,
    "successful": 106,
    "mean": 545.0566037735849,
    "median": 545.0,
    "stdev": 1.329734586329491,
    "clean_mean": 544.79,
    "clean_median": 545.0,
    "outlier_count": 6
  },
  "GitHubActions_1x": {
    "total_runs": 108,
    "successful": 106,
    "mean": 750.1698113207547,
    "median": 747.0,
    "stdev": 60.4096289546646,
    "clean_mean": 736.2424242424242,
    "clean_median": 746,
    "outlier_count": 7
  },
  "Argo_1x_HEFT": {
    "total_runs": 24,
    "successful": 12,
    "mean": 459.4166666666667,
    "median": 452.5,
    "stdev": 13.460098158046337,
    "clean_mean": 452,
    "clean_median": 452,
    "outlier_count": 3
  },
  "NativeK8s_1x_HEFT": {
    "total_runs": 24,
    "successful": 12,
    "mean": 333.0833333333333,
    "median": 333.0,
    "stdev": 0.28867513459481287,
    "clean_mean": 333,
    "clean_median": 333,
    "outlier_count": 1
  },
  "GitHubActions_1x_HEFT": {
    "total_runs": 40,
    "successful": 27,
    "mean": 148.40740740740742,
    "median": 13,
    "stdev": 181.00834219178944,
    "clean_mean": 148.40740740740742,
    "clean_median": 13,
    "outlier_count": 0
  },
  "Argo_2x": {
    "total_runs": 20,
    "successful": 20,
    "mean": 939.6,
    "median": 932.0,
    "stdev": 37.904867067019524,
    "clean_mean": 939.6,
    "clean_median": 932.0,
    "outlier_count": 0
  },
  "NativeK8s_2x": {
    "total_runs": 20,
    "successful": 20,
    "mean": 668.7,
    "median": 666.0,
    "stdev": 9.695902552923553,
    "clean_mean": 665.5555555555555,
    "clean_median": 666.0,
    "outlier_count": 2
  },
  "GitHubActions_2x": {
    "total_runs": 45,
    "successful": 25,
    "mean": 449.24,
    "median": 563,
    "stdev": 221.67868639091128,
    "clean_mean": 557.2,
    "clean_median": 563.0,
    "outlier_count": 5
  },
  "Argo_2x_HEFT": {
    "total_runs": 20,
    "successful": 20,
    "mean": 1065.9,
    "median": 977.0,
    "stdev": 250.1395189636544,
    "clean_mean": 974.9411764705883,
    "clean_median": 936,
    "outlier_count": 3
  },
  "NativeK8s_2x_HEFT": {
    "total_runs": 20,
    "successful": 20,
    "mean": 666.15,
    "median": 666.0,
    "stdev": 0.812727700887249,
    "clean_mean": 666,
    "clean_median": 666,
    "outlier_count": 7
  },
  "GitHubActions_2x_HEFT": {
    "total_runs": 65,
    "successful": 45,
    "mean": 259.9555555555556,
    "median": 18,
    "stdev": 274.6390155984559,
    "clean_mean": 259.9555555555556,
    "clean_median": 18,
    "outlier_count": 0
  }
}