{
  "generated_at": "2026-01-04T17:53:46.019741",
  "platforms": {
    "Argo_Workflows": {
      "total_runs": 108,
      "successful_runs": 103,
      "failed_runs": 3,
      "success_rate": 95.37037037037037,
      "overall_statistics": {
        "count": 106,
        "min": 1,
        "max": 3608,
        "sum": 83744,
        "mean": 790.0377358490566,
        "median": 692.0,
        "stdev": 415.9185342514474,
        "p95": 1023,
        "p99": 3604
      },
      "step_statistics": {
        "INITIALIZE": {
          "count": 102,
          "min": 6,
          "max": 24,
          "sum": 1163,
          "mean": 11.401960784313726,
          "median": 10.0,
          "stdev": 3.948329146354424,
          "p95": 21,
          "p99": 23
        },
        "NODE_SIMULATION": {
          "count": 101,
          "min": 145,
          "max": 301,
          "sum": 17507,
          "mean": 173.33663366336634,
          "median": 166,
          "stdev": 30.305206558518215,
          "p95": 236,
          "p99": 273
        },
        "HEALTH_CHECK_1": {
          "count": 102,
          "min": 14,
          "max": 120,
          "sum": 4904,
          "mean": 48.07843137254902,
          "median": 44.5,
          "stdev": 23.294365219520195,
          "p95": 90,
          "p99": 110
        },
        "HEALTH_CHECK_2": {
          "count": 101,
          "min": 16,
          "max": 110,
          "sum": 4857,
          "mean": 48.08910891089109,
          "median": 45,
          "stdev": 21.483528113371413,
          "p95": 89,
          "p99": 106
        },
        "HEALTH_CHECK_3": {
          "count": 102,
          "min": 15,
          "max": 120,
          "sum": 4996,
          "mean": 48.98039215686274,
          "median": 44.0,
          "stdev": 22.328324325202352,
          "p95": 91,
          "p99": 110
        },
        "FINAL_HEALTH_CHECK": {
          "count": 200,
          "min": 7,
          "max": 96,
          "sum": 3732,
          "mean": 18.66,
          "median": 13.0,
          "stdev": 15.950753357234152,
          "p95": 59,
          "p99": 78
        },
        "RACK_SIMULATION": {
          "count": 100,
          "min": 345,
          "max": 433,
          "sum": 35877,
          "mean": 358.77,
          "median": 351.0,
          "stdev": 17.161064104889334,
          "p95": 393,
          "p99": 433
        },
        "INTERIM_HEALTH_CHECK": {
          "count": 101,
          "min": 10,
          "max": 100,
          "sum": 2393,
          "mean": 23.693069306930692,
          "median": 15,
          "stdev": 17.885604588191825,
          "p95": 59,
          "p99": 83
        }
      }
    },
    "Native_Kubernetes": {
      "total_runs": 110,
      "successful_runs": 106,
      "failed_runs": 3,
      "success_rate": 96.36363636363636,
      "overall_statistics": {
        "count": 108,
        "min": 544,
        "max": 3629,
        "sum": 65016,
        "mean": 602,
        "median": 545.0,
        "stdev": 416.4907466632059,
        "p95": 548,
        "p99": 3611
      },
      "step_statistics": {
        "HEALTH_CHECK_1": {
          "count": 202,
          "min": 16,
          "max": 21,
          "sum": 3450,
          "mean": 17.07920792079208,
          "median": 17.0,
          "stdev": 0.8659756332310304,
          "p95": 18,
          "p99": 21
        },
        "HEALTH_CHECK_2": {
          "count": 202,
          "min": 16,
          "max": 21,
          "sum": 3450,
          "mean": 17.07920792079208,
          "median": 17.0,
          "stdev": 0.8659756332310304,
          "p95": 18,
          "p99": 21
        },
        "HEALTH_CHECK_3": {
          "count": 202,
          "min": 16,
          "max": 21,
          "sum": 3450,
          "mean": 17.07920792079208,
          "median": 17.0,
          "stdev": 0.8659756332310304,
          "p95": 18,
          "p99": 21
        },
        "NODE_SIMULATION": {
          "count": 202,
          "min": 143,
          "max": 149,
          "sum": 29188,
          "mean": 144.4950495049505,
          "median": 144.0,
          "stdev": 0.8991290686626595,
          "p95": 145,
          "p99": 148
        },
        "RACK_SIMULATION": {
          "count": 202,
          "min": 343,
          "max": 348,
          "sum": 69640,
          "mean": 344.7524752475247,
          "median": 345.0,
          "stdev": 0.9077438062538499,
          "p95": 346,
          "p99": 348
        },
        "INTERIM_HEALTH_CHECK": {
          "count": 202,
          "min": 4,
          "max": 7,
          "sum": 1102,
          "mean": 5.455445544554456,
          "median": 5.0,
          "stdev": 0.5905516853246223,
          "p95": 6,
          "p99": 7
        },
        "FINAL_HEALTH_CHECK": {
          "count": 202,
          "min": 4,
          "max": 10,
          "sum": 1120,
          "mean": 5.544554455445544,
          "median": 5.0,
          "stdev": 0.7793957664123172,
          "p95": 6,
          "p99": 9
        }
      }
    },
    "GitHub_Actions": {
      "total_runs": 106,
      "successful_runs": 105,
      "failed_runs": 1,
      "success_rate": 99.05660377358491,
      "overall_statistics": {
        "count": 106,
        "min": 258,
        "max": 1114,
        "sum": 79060,
        "mean": 745.8490566037735,
        "median": 747.0,
        "stdev": 76.98259450190272,
        "p95": 900,
        "p99": 991
      },
      "step_statistics": {
        "HEALTH_CHECK_1": {
          "count": 207,
          "min": 10,
          "max": 215,
          "sum": 6128,
          "mean": 29.603864734299517,
          "median": 25,
          "stdev": 20.035104738546465,
          "p95": 41,
          "p99": 76
        },
        "HEALTH_CHECK_2": {
          "count": 204,
          "min": 22,
          "max": 80,
          "sum": 5728,
          "mean": 28.07843137254902,
          "median": 25.0,
          "stdev": 9.258931275515831,
          "p95": 54,
          "p99": 66
        },
        "HEALTH_CHECK_3": {
          "count": 204,
          "min": 22,
          "max": 58,
          "sum": 5590,
          "mean": 27.401960784313726,
          "median": 25.0,
          "stdev": 6.094913980685215,
          "p95": 39,
          "p99": 50
        },
        "INTERIM_HEALTH_CHECK": {
          "count": 204,
          "min": 21,
          "max": 78,
          "sum": 5860,
          "mean": 28.725490196078432,
          "median": 25.0,
          "stdev": 9.12114077942721,
          "p95": 49,
          "p99": 68
        },
        "FINAL_HEALTH_CHECK": {
          "count": 306,
          "min": 13,
          "max": 59,
          "sum": 7389,
          "mean": 24.147058823529413,
          "median": 24.0,
          "stdev": 7.534920311987636,
          "p95": 33,
          "p99": 52
        },
        "INITIALIZE": {
          "count": 102,
          "min": 12,
          "max": 31,
          "sum": 1741,
          "mean": 17.068627450980394,
          "median": 15.0,
          "stdev": 4.785000913377255,
          "p95": 27,
          "p99": 31
        },
        "NODE_SIMULATION": {
          "count": 102,
          "min": 157,
          "max": 230,
          "sum": 16744,
          "mean": 164.15686274509804,
          "median": 160.0,
          "stdev": 11.963430331961952,
          "p95": 193,
          "p99": 207
        },
        "RACK_SIMULATION": {
          "count": 102,
          "min": 357,
          "max": 417,
          "sum": 37061,
          "mean": 363.34313725490193,
          "median": 361.0,
          "stdev": 9.680535843567665,
          "p95": 374,
          "p99": 405
        }
      }
    }
  }
}