{
  "generated_at": "2026-01-07T15:50:13.162930",
  "comparisons": [
    {
      "platform": "Argo Workflows",
      "baseline": {
        "runs": 108,
        "success_rate": 95.37037037037037,
        "mean": 790.0377358490566,
        "median": 692.0,
        "stdev": 415.9185342514474
      },
      "heft": {
        "runs": 24,
        "success_rate": 50.0,
        "mean": 459.42,
        "median": 452.5,
        "stdev": 13.46
      },
      "improvements": {
        "mean_pct": -41.85,
        "median_pct": -34.61,
        "stdev_pct": -96.76
      }
    },
    {
      "platform": "Native Kubernetes",
      "baseline": {
        "runs": 110,
        "success_rate": 96.36363636363636,
        "mean": 602,
        "median": 545.0,
        "stdev": 416.4907466632059
      },
      "heft": {
        "runs": 24,
        "success_rate": 50.0,
        "mean": 333.08,
        "median": 333.0,
        "stdev": 0.29
      },
      "improvements": {
        "mean_pct": -44.67,
        "median_pct": -38.9,
        "stdev_pct": -99.93
      }
    },
    {
      "platform": "GitHub Actions",
      "baseline": {
        "runs": 106,
        "success_rate": 99.05660377358491,
        "mean": 745.8490566037735,
        "median": 747.0,
        "stdev": 76.98259450190272
      },
      "heft": {
        "runs": 40,
        "success_rate": 95.0,
        "mean": 148.41,
        "median": 13,
        "stdev": 181.01
      },
      "improvements": {
        "mean_pct": -80.1,
        "median_pct": -98.26,
        "stdev_pct": 135.13
      }
    }
  ]
}