{
  "generated": "2026-02-06T12:54:07.304455",
  "platforms": {
    "Argo_1x": {
      "runs": 103,
      "mean": 743.0194174757281,
      "median": 692,
      "stdev": 119.40144681543069,
      "total_jobs": 8,
      "time_per_job": 92.87742718446601,
      "parallel_efficiency": 10.76687878114751
    },
    "NativeK8s_1x": {
      "runs": 106,
      "mean": 545.0566037735849,
      "median": 545.0,
      "stdev": 1.329734586329491,
      "total_jobs": 8,
      "time_per_job": 68.13207547169812,
      "parallel_efficiency": 14.677374688451952
    },
    "GitHubActions_1x": {
      "runs": 106,
      "mean": 750.1698113207547,
      "median": 747.0,
      "stdev": 60.4096289546646,
      "total_jobs": 8,
      "time_per_job": 93.77122641509433,
      "parallel_efficiency": 10.664252119017078
    },
    "Argo_2x": {
      "runs": 20,
      "mean": 939.6,
      "median": 932.0,
      "stdev": 37.904867067019524,
      "total_jobs": 14,
      "time_per_job": 67.11428571428571,
      "parallel_efficiency": 7.449978714346531
    },
    "NativeK8s_2x": {
      "runs": 20,
      "mean": 668.7,
      "median": 666.0,
      "stdev": 9.695902552923553,
      "total_jobs": 14,
      "time_per_job": 47.76428571428572,
      "parallel_efficiency": 10.468072379243306
    },
    "GitHubActions_2x": {
      "runs": 20,
      "mean": 551.1,
      "median": 548.5,
      "stdev": 27.581267479749254,
      "total_jobs": 14,
      "time_per_job": 39.364285714285714,
      "parallel_efficiency": 12.701868989294137
    }
  },
  "comparisons": {}
}